Workbook

Sheet ① 원본데이터
A1: 스마트공장 생산·품질 데이터 (2026년 1~4월)
A2: 총 150건 · 설비 4대 · 제품 3종 · 2026-01-01 ~ 2026-04-10
A3: LOT_ID | B3: 날짜 | C3: 월 | D3: 제품 | E3: 설비 | F3: 공정 | G3: 교대 | H3: 작업자 | I3: 생산수량 | J3: 불량수량 | K3: 불량유형 | L3: 사이클타임(초)
A4: L0001 | B4: 2026-01-01 | C4: 1 | D4: B제품 | E4: CNC-01 | F4: 가공 | G4: 주간 | H4: E001_김민준 | I4: 914 | J4: 28 | K4: 표면불량 | L4: 59.1
A5: L0002 | B5: 2026-01-01 | C5: 1 | D5: A제품 | E5: CNC-01 | F5: 가공 | G5: 주간 | H5: E001_김민준 | I5: 847 | J5: 17 | K5: 스크래치 | L5: 61.5
A6: L0003 | B6: 2026-01-02 | C6: 1 | D6: C제품 | E6: CNC-02 | F6: 가공 | G6: 야간 | H6: E006_한도윤 | I6: 1014 | J6: 36 | K6: 스크래치 | L6: 61.9
A7: L0004 | B7: 2026-01-02 | C7: 1 | D7: B제품 | E7: CNC-02 | F7: 가공 | G7: 야간 | H7: E005_최유진 | I7: 879 | J7: 41 | K7: 스크래치 | L7: 63
A8: L0005 | B8: 2026-01-02 | C8: 1 | D8: A제품 | E8: CNC-03 | F8: 가공 | G8: 야간 | H8: E006_한도윤 | I8: 965 | J8: 27 | K8: 스크래치 | L8: 58.4
A9: L0006 | B9: 2026-01-03 | C9: 1 | D9: B제품 | E9: CMM-01 | F9: 검사 | G9: 주간 | H9: E003_박지호 | I9: 935 | J9: 40 | K9: 표면불량 | L9: 52.3
A10: L0007 | B10: 2026-01-03 | C10: 1 | D10: A제품 | E10: CNC-01 | F10: 가공 | G10: 야간 | H10: E004_정하늘 | I10: 1089 | J10: 30 | K10: 표면불량 | L10: 67
A11: L0008 | B11: 2026-01-04 | C11: 1 | D11: B제품 | E11: CMM-01 | F11: 검사 | G11: 주간 | H11: E003_박지호 | I11: 1116 | J11: 48 | K11: 스크래치 | L11: 65.6
A12: L0009 | B12: 2026-01-05 | C12: 1 | D12: A제품 | E12: CNC-01 | F12: 가공 | G12: 주간 | H12: E002_이수연 | I12: 840 | J12: 21 | K12: 치수불량 | L12: 53.3
A13: L0010 | B13: 2026-01-05 | C13: 1 | D13: B제품 | E13: CNC-03 | F13: 가공 | G13: 주간 | H13: E001_김민준 | I13: 989 | J13: 25 | K13: 표면불량 | L13: 61.5
A14: L0011 | B14: 2026-01-06 | C14: 1 | D14: A제품 | E14: CNC-01 | F14: 가공 | G14: 야간 | H14: E006_한도윤 | I14: 1173 | J14: 41 | K14: 치수불량 | L14: 61.3
A15: L0012 | B15: 2026-01-06 | C15: 1 | D15: A제품 | E15: CNC-02 | F15: 가공 | G15: 야간 | H15: E004_정하늘 | I15: 816 | J15: 29 | K15: 스크래치 | L15: 55.1
... A153: L0150 | B153: 2026-04-10 | C153: 4 | D153: C제품 | E153: CMM-01 | F153: 검사 | G153: 주간 | H153: E001_김민준 | I153: 1032 | J153: 17 | K153: 치수불량 | L153: 93.3

Sheet ② 실습 가이드
B1: 엑셀 시각화 실습 가이드 — 스마트공장 데이터
B2: 각 실습 과제를 순서대로 따라하며 시각화 역량을 체험하세요
B4: 실습 1 · 피벗테이블로 요약 분석하기
B5: ① 원본데이터 시트 전체 선택 (Ctrl+A)
B6: ② [삽입] → [피벗테이블] → 새 워크시트
B7: ③ 행: 설비 / 열: 교대 / 값: 불량수량(합계)
B8: ④ 행: 월 / 열: 제품 / 값: 생산수량(합계) 로 변경해보기
B9: ❓ 불량이 가장 많은 설비는? 야간 교대가 더 많은가?
B11: 실습 2 · 막대 차트 — 설비별 불량률 비교
B12: ① ③ 분석시트의 "설비별 요약" 표 선택
B13: ② [삽입] → [차트] → 묶은 막대형
B14: ③ 차트 제목, 축 레이블, 데이터 레이블 추가
... B34: ❓ 차트 선택의 핵심 기준: 비교인가? 추세인가?

Sheet ③ 분석시트
A1: ■ 설비별 생산·불량 요약
A2: 설비 | B2: 생산합계 | C2: 불량합계 | D2: 불량률(%) | E2: 평균 사이클타임(초) | F2: 불량유형 최빈값
A3: CNC-01 | B3: =SUMIF('① 원본데이터'!E:E,A3,'① 원본데이터'!I:I) -> 39043 | C3: =SUMIF('① 원본데이터'!E:E,A3,'① 원본데이터'!J:J) -> 1047 | D3: =IFERROR(C3/B3*100,0) -> 2.6816587 | E3: =AVERAGEIF('① 원본데이터'!E:E,A3,'① 원본데이터'!L:L) -> 58.105128 | F3: =IFERROR(INDEX('① 원본데이터'!K:K,MATCH(MAX(COUNTIF('① 원본데이터'!K$4:K$163,'① 원본데이터'!K$4:K$163)),COUNTIF('① 원본데이터'!K$4:K$163,'① 원본데이터'!K$4:K$163),0)),"-") -> -
A4: CNC-02 | B4: =SUMIF('① 원본데이터'!E:E,A4,'① 원본데이터'!I:I) -> 36584 | C4: =SUMIF('① 원본데이터'!E:E,A4,'① 원본데이터'!J:J) -> 941 | D4: =IFERROR(C4/B4*100,0) -> 2.5721627 | E4: =AVERAGEIF('① 원본데이터'!E:E,A4,'① 원본데이터'!L:L) -> 59.208108 | F4: =IFERROR(INDEX('① 원본데이터'!K:K,MATCH(MAX(COUNTIF('① 원본데이터'!K$4:K$163,'① 원본데이터'!K$4:K$163)),COUNTIF('① 원본데이터'!K$4:K$163,'① 원본데이터'!K$4:K$163),0)),"-") -> 0
A5: CNC-03 | B5: =SUMIF('① 원본데이터'!E:E,A5,'① 원본데이터'!I:I) -> 31881 | C5: =SUMIF('① 원본데이터'!E:E,A5,'① 원본데이터'!J:J) -> 793 | D5: =IFERROR(C5/B5*100,0) -> 2.4873749 | E5: =AVERAGEIF('① 원본데이터'!E:E,A5,'① 원본데이터'!L:L) -> 59.20625 | F5: =IFERROR(INDEX('① 원본데이터'!K:K,MATCH(MAX(COUNTIF('① 원본데이터'!K$4:K$163,'① 원본데이터'!K$4:K$163)),COUNTIF('① 원본데이터'!K$4:K$163,'① 원본데이터'!K$4:K$163),0)),"-") -> 0
A6: CMM-01 | B6: =SUMIF('① 원본데이터'!E:E,A6,'① 원본데이터'!I:I) -> 41702 | C6: =SUMIF('① 원본데이터'!E:E,A6,'① 원본데이터'!J:J) -> 1322 | D6: =IFERROR(C6/B6*100,0) -> 3.1701117 | E6: =AVERAGEIF('① 원본데이터'!E:E,A6,'① 원본데이터'!L:L) -> 70.95 | F6: =IFERROR(INDEX('① 원본데이터'!K:K,MATCH(MAX(COUNTIF('① 원본데이터'!K$4:K$163,'① 원본데이터'!K$4:K$163)),COUNTIF('① 원본데이터'!K$4:K$163,'① 원본데이터'!K$4:K$163),0)),"-") -> 0
A7: 합계 | B7: =SUM(B3:B6) -> 149210 | C7: =SUM(C3:C6) -> 4103 | D7: =IFERROR(C7/B7*100,0) -> 2.7498157
A10: ■ 교대별 생산·불량 요약
A11: 교대 | B11: 생산합계 | C11: 불량합계 | D11: 불량률(%)
A12: 주간 | B12: =SUMIF('① 원본데이터'!G:G,A12,'① 원본데이터'!I:I) -> 79245 | C12: =SUMIF('① 원본데이터'!G:G,A12,'① 원본데이터'!J:J) -> 1795 | D12: =IFERROR(C12/B12*100,0) -> 2.2651271
A13: 야간 | B13: =SUMIF('① 원본데이터'!G:G,A13,'① 원본데이터'!I:I) -> 69965 | C13: =SUMIF('① 원본데이터'!G:G,A13,'① 원본데이터'!J:J) -> 2308 | D13: =IFERROR(C13/B13*100,0) -> 3.2987923
A17: ■ 월별 불량률 추이 (꺾은선 차트 실습용)
A18: 월 | B18: 생산합계 | C18: 불량합계 | D18: 불량률(%) | E18: 전월 대비
A19: 1월 | B19: =SUMIF('① 원본데이터'!C:C,1,'① 원본데이터'!I:I) -> 47073 | C19: =SUMIF('① 원본데이터'!C:C,1,'① 원본데이터'!J:J) -> 1385 | D19: =IFERROR(C19/B19*100,0) -> 2.9422387 | E19: "-"
A20: 2월 | B20: =SUMIF('① 원본데이터'!C:C,2,'① 원본데이터'!I:I) -> 45126 | C20: =SUMIF('① 원본데이터'!C:C,2,'① 원본데이터'!J:J) -> 1270 | D20: =IFERROR(C20/B20*100,0) -> 2.8143421 | E20: =IFERROR(D20-D19,"-") -> -0.12789659
A21: 3월 | B21: =SUMIF('① 원본데이터'!C:C,3,'① 원본데이터'!I:I) -> 43842 | C21: =SUMIF('① 원본데이터'!C:C,3,'① 원본데이터'!J:J) -> 1144 | D21: =IFERROR(C21/B21*100,0) -> 2.60937 | E21: =IFERROR(D21-D20,"-") -> -0.20497205
A22: 4월 | B22: =SUMIF('① 원본데이터'!C:C,4,'① 원본데이터'!I:I) -> 13169 | C22: =SUMIF('① 원본데이터'!C:C,4,'① 원본데이터'!J:J) -> 304 | D22: =IFERROR(C22/B22*100,0) -> 2.3084517 | E22: =IFERROR(D22-D21,"-") -> -0.30091834
